,mean RMSE,line
wt,0.06920803754191165,wt
ltr,0.025375140224900745,ltr
ars,0.027037077518569607,ars
all,0.04457718401605985,all
