,line,log_prob,log(s_cnv),log(m_cnv),log(p_0)
gap1_1,wt,12.844006538391113,-0.8371219136241347,-3.9217175996558438,-3.2508361204013383
gap1_2,wt,12.504020690917969,-0.7811616465707206,-4.249476796980258,-3.735785953177258
gap1_3,wt,12.551925659179688,-0.9857663729847658,-4.095630643134104,-3.401337792642141
gap1_4,wt,-56.028480529785156,-0.9245598308950942,-5.5003129173815966,-6.6287625418060205
gap1_5,wt,-110.3987045288086,-0.6989700043360187,-4.062185827080593,-3.6856187290969897
gap1_ltr_1,ltr,-1.3504009246826172,-0.6989700043360187,-4.831416596311362,-3.9698996655518393
gap1_ltr_3,ltr,11.91918659210205,-0.7706690964982055,-4.5638580678832685,-4.020066889632107
gap1_ltr_4,ltr,-139.20172119140625,-0.6989700043360187,-4.991951713368218,-4.488294314381271
gap1_ltr_5,ltr,11.546902656555176,-0.7916541966432358,-4.797971780257851,-4.739130434782609
gap1_ltr_6,ltr,11.614689826965332,-0.7549302713894328,-4.764526964204339,-4.2207357859531776
gap1_ltr_7,ltr,10.938445091247559,-0.7024675210268572,-5.125730977582266,-4.688963210702341
gap1_ltr_8,ltr,12.070958137512207,-0.7601765464256904,-4.490279472565543,-4.304347826086957
gap1_ars_1,ars,-13.961648941040039,-1.0959381487461748,-4.690948368886613,-8.0
gap1_ars_3,ars,-162.17843627929688,-0.8126392967882661,-5.5003129173815966,-5.892976588628763
gap1_ars_4,ars,10.34919548034668,-0.8703483221870993,-5.4601791381173825,-4.65551839464883
gap1_ars_5,ars,10.432392120361328,-0.821383088515362,-5.413356395642466,-5.274247491638796
gap1_ars_6,ars,11.833202362060547,-0.8878359056412912,-4.684259405675911,-4.521739130434783
gap1_ars_7,ars,-64.89949798583984,-0.821383088515362,-5.5003129173815966,-7.297658862876254
gap1_ars_8,ars,10.398663520812988,-0.8913334223321296,-5.279577131428419,-5.207357859531773
gap1_all_1,all,11.702104568481445,-0.9333036226221901,-4.470212582933436,-4.688963210702341
gap1_all_2,all,11.578627586364746,-1.060962981837791,-4.363189171562198,-3.8361204013377925
gap1_all_3,all,11.76877212524414,-1.0767018069465637,-4.068874790291295,-4.17056856187291
gap1_all_4,all,10.564053535461426,-0.8930821806775487,-5.105664087950158,-5.25752508361204
gap1_all_5,all,11.687346458435059,-0.8126392967882661,-4.71101525851872,-4.588628762541806
gap1_all_6,all,10.314983367919922,-0.8598557721145842,-5.132419940792968,-5.508361204013378
gap1_all_7,all,10.704425811767578,-0.9088210057863215,-4.9718848237361115,-5.207357859531773
gap1_all_8,all,10.681151390075684,-0.8248806052062003,-4.998640676578921,-5.45819397993311
